Keyword,Main Topic
hoe magnetron schoonmaken,INFO
youtube vaatwasser,TRANS
elektrische losse kookplaat,TRANS
gino's brick oven pizza,TRANS
rvs horeca vriezer,TRANS
vrijstaande vaatwasser aansluiten,INFO
elektrisch fornuis schoonmaken,INFO
elektrische kookplaat doet het niet,TRANS
zanker vaatwasser kdt10032fk,TRANS
compressor 12 volt koelkast,TRANS
vaatwasser dump,TRANS
haier koelkast gebruiksaanwijzing,TRANS
bladerdeeg houdbaar in koelkast,TRANS
augurken bewaren koelkast,TRANS
keramische kookplaat pit defect,TRANS
vaatwasser soda behandeling,INFO
opera afzuigkap review,COM
geluid koelkast decibel,TRANS
tristar koelkast kb 7392,TRANS
koelkast huren deventer,TRANS
gebruik koelkast,TRANS
tupperware magnetron bestendig,TRANS
rent it koelkast verhuur spanje,TRANS
doorloop pizza oven,TRANS
afzuigbuis afzuigkap,TRANS
houdbaarheid aardbeien koelkast,TRANS
koelkast utrecht,TRANS
kookplaat aansluiten op 220,INFO
thermostaat koelkast vervangen,TRANS
itho afzuigkap d815,TRANS
magnetron rijstkoker,TRANS
grond koelkast,TRANS
keuken afzuigkap 90 cm,TRANS
drinken koelen zonder koelkast,TRANS
afzuigkap in plafond maken,TRANS
fornuis inductie 90,TRANS
radiator naast koelkast,TRANS
iarp vrieskast,TRANS
krabber keramische kookplaat,TRANS
showroom koelkasten,TRANS
magnetron op accu,TRANS
inbouw vriezer tafelmodel,TRANS
nordland koelkast onderdelen,TRANS
welke zekering voor kookplaat,INFO
amerikaanse koelkast enkeldeurs,TRANS
chinees eten bewaren koelkast,TRANS
afstand kookplaat muur,TRANS
inbouw vaatwasser eldi,TRANS
inductie kookplaat gezondheid,TRANS
inbouw koelkast 140 cm hoog met vriesvak,TRANS
test inbouw vaatwasser,TRANS
koelelement koelkast,TRANS
hoe lang kun je arretjescake bewaren in de koelkast,INFO
koelkast voor buiten,TRANS
combinatie magnetron,TRANS
zout bakje vaatwasser vol water,TRANS
inductie kookplaat kinderslot,TRANS
batterijen in de koelkast bewaren,TRANS
fles steriliseren magnetron,TRANS
afzuigkap uitlaat,TRANS
white knight mini koelkast,TRANS
pizza oven reviews uk,COM
gusta pizza oven 5 personen,TRANS
abn amro mini koelkast,TRANS
vrieskast onderdelen,TRANS
aansluiting vaatwasser laten maken,TRANS
trebs pizza oven 6 personen,TRANS
absorptie koelkast dometic,TRANS
zelf pizza maken hoe lang oven,INFO
kookplaat iphone 11,TRANS
pittenzak magnetron brand,TRANS
vriezer ola,TRANS
thomson koelkast th ttr7wh,TRANS
inbouw oven keuken,TRANS
diagonale afzuigkap,TRANS
pizza oven verhuur,TRANS
krijtbord koelkast,TRANS
keuken donkergrijs,COM
keuken ijsblauw,COM
delfts blauw keuken,COM
keuken wit glans,COM
creme kleurige keuken,COM
grijze keuken wit blad,COM
zwarte keukenkast,COM
grijze keuken tegels,COM
kidkraft keuken wit,COM
witte keuken houten vloer,COM
grijze tegels keuken,COM
donkerblauwe keuken,COM
groene tegels keuken,COM
zwarte handgrepen keuken,COM
witte keuken kleur muur,COM
grijze keuken,COM
keuken verf achterwand,COM
keuken verven welke kleur,INFO
keukenkastjes verven,COM
lichtgroene keuken,COM
keuken tegels zwart,COM
oud hollands blauw keuken,COM
groene keuken tegels,COM
ossenbloedrood keuken,COM
keukenblok grijs,COM
spoelbak wit keuken,COM
keuken lichtblauw,COM
grijs eiken keuken,COM
keuken muren schilderen,COM
lichtgrijze keuken,COM
bruine afzuigkap,COM
keuken wit werkblad,COM
keuken wit grijs,COM
kleur keuken kiezen,COM
zwart eiken keuken,COM
zwarte keuken met houten blad,COM
witte keuken met wit werkblad,COM
witte showroomkeuken,COM
stoere witte keuken,COM
rode keuken,COM
zwarte mengkraan keuken,COM
witte keukenkast,COM
afzuigkap antraciet,COM
rode tegels keuken,COM
keukenkast zwart,COM
keuken schilderen,COM
keuken zwart wit,COM
zwarte keuken met hout,COM
zwarte keuken met eiland,COM
mat witte keuken,COM
mat grijze keuken,COM
keuken steigerhout wit,COM
keuken andere kleur,COM
gekleurde keuken,COM
groene muur keuken,COM
achterwand keuken zwart,COM
zwarte vloertegels keuken,COM
keuken rood,COM
kraan keuken zwart,COM
rode accessoires keuken,COM
witte keuken houten blad,COM
keuken grijs blauw,COM
zwarte muur keuken,COM
showroomkeuken zwart,COM
houten keuken met zwart blad,COM
antraciet aanrechtblad,COM
witte matte keuken,COM
donkerrode keuken,COM
keuken met zwarte achterwand,COM
keukenblad antraciet,COM
keuken achterwand verf,COM
achterwand keuken verven,COM
rode wandtegels keuken,COM
spatwand keuken verf,COM
antraciet keukenblad,COM
keuken gebroken wit,COM
keuken antraciet grijs,COM
grijs witte keuken,COM
spoelbak keuken wit,COM
keuken oud groen,COM
kosten verplaatsen leidingen keuken nieuwbouw,COM
extra groep aanleggen keuken kosten,COM
wat kost een houten keuken,COM
online keuken ontwerpen ipad,COM
hoeveel kost een keuken,COM
zelf keuken ontwerpen,COM
wat kost een keuken,COM
complete keuken,TRANS
complete keuken outlet,TRANS
keuken plus montage,TRANS
wat kost een lodder keuken,COM
keuken ontwerpen 3d online,COM
keuken ontwerpen online 3d,COM
leidingen omleggen keuken kosten,COM
wat kost een landelijke keuken,COM
wat kost een handgemaakte keuken,COM
kosten keuken en badkamer,COM
showroomkeuken hoekopstelling,TRANS
gemiddelde kosten nieuwe keuken,COM
keuken ontwerpen online,COM
kosten keuken montage,COM
kosten nieuwe keuken berekenen,COM
keuken met kookeiland kosten,COM
keuken met montage,TRANS
keuken kosten gemiddeld,COM
eiken showroomkeuken,TRANS
kosten complete keuken,COM
wat kost een keuken zonder apparatuur,COM
keuken installeren,COM
keuken ontwerp oosterhout,COM
goedkope keuken inclusief montage,TRANS
wat kost een nieuwe keuken,COM
keuken 3d ontwerp,COM
3d keuken ontwerpen online,COM
kosten elektricien keuken,COM
wat kost mijn keuken,COM
keuken demonteren kosten,COM
wat kost een nieuwe keuken ongeveer,COM
wat kost een culimaat keuken,COM
kosten keuken spuiten,COM
hoeveel kost een gemiddelde keuken,COM
keuken budget planner,COM
wat kost een gemiddelde horeca keuken,COM
kosten nieuwe keuken gemiddeld,COM
keuken 3d ontwerpen online,COM
zelf keuken ontwerpen 3d,COM
keuken pimpen,COM
landelijke showroomkeukens,TRANS
goedkope complete keukens,TRANS
landelijke showroomkeuken te koop,TRANS
showroomkeuken met kastenwand,TRANS
keuken 3d ontwerpen,COM
kosten keuken nieuwbouw,COM
keuken ontwerp tilburg,COM
budget keukens,TRANS
keuken ontwerp programma downloaden,COM
wat kost een keuken laten plaatsen,COM
online keuken ontwerpen,COM
online keuken ontwerpen 3d,COM
keuken plakken kosten,COM
wat kost het om een keuken te laten plaatsen,COM
kosten verbouwen keuken,COM
3d keuken ontwerp app,COM
kosten koof keuken,COM
kosten keuken op maat,COM
keuken budget,COM
kosten glazen achterwand keuken,COM
showroomkeuken kookeiland,TRANS
keuken ontwerpen mobiel,COM
wat kost plaatsen keuken,COM
keuken vernieuwen kosten,COM
ipad keuken ontwerpen,COM
kosten uitbouw keuken,COM
kosten keuken wrappen,COM
ontwerp je eigen keuken online,COM
wat kost gemiddeld een nieuwe keuken,COM
wat kost een nieuwe keuken en badkamer,COM
natuursteen aanrecht,COM
prijs composiet keukenblad,COM
keukenblad online,TRANS
keukenblad laten maken,TRANS
keukenblad 90 cm diep,TRANS
werkblad keuken composiet prijs,COM
keukenblad 70 cm diep,TRANS
keukenblad zwart,TRANS
betonblad maken,COM
aanrechtblad kunststof,COM
werkblad hoogglans wit,TRANS
aanrechtblad beton prijs,COM
keukenblad op maat laten zagen,TRANS
houtlook aanrechtblad,COM
diepte werkblad,INFO
werkblad 80 cm breed,TRANS
keukenblad massief hout,COM
aanrechtblad 80 cm diep,TRANS
vervangen keukenblad,TRANS
eikenhouten aanrechtblad,COM
keukenwerkblad composiet,COM
nieuw aanrechtblad bestaande keuken,TRANS
kunststof keukenblad,COM
houten keukenblad olie,COM
keukenblad wit composiet,COM
werkblad keuken graniet,COM
goedkoop aanrechtblad kunststof,TRANS
prijs granieten aanrechtblad,COM
roestvrijstalen aanrechtblad,COM
composiet aanrechtblad dof,COM
betonnen aanrechtblad vlekken,COM
wit aanrechtblad,TRANS
hoogte werkblad keuken,INFO
multiplex keukenblad,COM
hoogte keukenblok,INFO
kosten composiet keukenblad,COM
keukenblad eikenhout,COM
keukenblad hardsteen,COM
granieten aanrechtblad repareren,COM
nieuw keukenblad,TRANS
werkblad 80 cm,TRANS
natuursteen werkblad keuken,COM
keramiek aanrechtblad onderhoud,COM
aanrechtblad plaatsen,TRANS
natuursteen blad prijs,COM
keukenblad vervangen prijs,COM
composiet aanrechtblad zagen,COM
onderhoud betonnen aanrechtblad,COM
composiet keukenblad polijsten,COM
nieuw aanrechtblad plaatsen,TRANS
keramisch werkblad,COM
composiet aanrechtblad kleuren,COM
stenen aanrechtblad,COM
composiet werkblad keuken,COM
keukenblad laminaat,TRANS
massief houten keukenblad,COM
betonnen aanrecht prijs,COM
keramiek werkblad keuken,COM
keramiek aanrechtblad repareren,COM
aanrechtblad massief hout,COM
stalen keukenblad,COM
werkblad keuken prijs,COM
aanrecht rvs,COM
hoogte werkblad,INFO
composiet keukenblad,COM
granito aanrechtblad prijs,COM
hpl werkblad,COM
hoogte aanrecht,INFO
graniet werkblad,COM
spatrand keukenblad,TRANS
diepte aanrechtblad,INFO
massief houten blad,COM
composiet aanrechtblad vlekken,COM
glazen aanrechtblad,COM
rvs aanrechtblad,COM
beton cire aanrechtblad prijs,COM
houten aanrechtblad onderhoud,COM
keukenblad composiet prijs,COM
werkblad 70 cm diep,TRANS
stalen aanrechtblad,COM
werkblad composiet,COM
massief houten aanrechtblad,COM
keukenblad beton maken,COM
wandpaneel keuken,COM
knoxhult bovenkast,TRANS
apothekerskast schoenen,TRANS
ouderwetse apothekerskast,TRANS
apothekerskast 15 cm,TRANS
keukenkasten hoog,TRANS
brimnes bovenkast,TRANS
afstellen apothekerskast,TRANS
oude metalen apothekerskast,TRANS
apothekerskast retro,TRANS
keukendeurtjes laten wrappen,TRANS
keuken hoekkast met draaiplateau,COM
glazen bovenkast keuken,TRANS
losse keukendeurtjes kopen,TRANS
bovenkasten keuken hoogte,TRANS
u keuken met kastenwand,COM
hoge kast keuken,TRANS
apothekerskast zwart,TRANS
brugman keukendeurtjes,TRANS
onderkast keuken,TRANS
losse onderkasten keuken,TRANS
plakplastic keukendeurtjes,TRANS
hoge bovenkasten,TRANS
onderkast keuken 100 cm,TRANS
bovenkast wit,TRANS
apothekerskast inbouw,TRANS
keuken onderkast 120 cm,TRANS
vintage keuken buffetkast,TRANS
kookeiland kastenwand,TRANS
keukendeurtjes vervangen ervaringen,TRANS
hoogglans bovenkast,TRANS
losse keukendeurtjes keller,TRANS
handvatten keukendeurtjes,TRANS
lage buffetkast keuken,TRANS
keukendeurtjes wrappen prijs,COM
keukenkast 70 cm hoog,TRANS
zwarte apothekerskast,TRANS
apothekerskast uittreksysteem,TRANS
mdf keukendeurtjes maken,TRANS
keukendeurtjes op maat laten maken,COM
inbouwkast keuken,TRANS
standaard hoogte bovenkasten keuken,COM
apothekerskast opgeknapt,TRANS
tweedehands keukendeurtjes,TRANS
apothekerskast oud,TRANS
witte hoge keukenkast,TRANS
inbouw apothekerskast,TRANS
achterwand keuken glas,TRANS
houten bovenkast,TRANS
keukendeurtjes pimpen,TRANS
hoekkast lade keuken,TRANS
ladegeleiders apothekerskast,TRANS
apothekerskast op maat,TRANS
keuken inbouwkast,TRANS
eiken keukendeurtjes op maat,COM
keuken buffetkast wit buzz,COM
hoge hoekkast keuken,TRANS
keukendeurtjes maken van steigerhout,COM
dressoir met bovenkast,TRANS
apothekerskast,TRANS
alleen keukendeurtjes vervangen,TRANS
stalen keukendeurtjes,TRANS
keuken bovenkasten afmetingen,INFO
apothekerskast keuken,TRANS
geleider apothekerskast,TRANS
keukendeurtjes wrappen kosten,COM
keukendeurtjes op maat bestellen,TRANS
apothekerskast voor badkamer,TRANS
keukendeurtjes spuiten kosten,COM
keuken onderkast met laden,COM
smalle bovenkast keuken,TRANS
keuken onderkast met spoelbak,COM
keukenkast 70 hoog,TRANS
lillangen bovenkast,TRANS
wat kosten nieuwe keukendeurtjes,COM
keukendeurtjes laten maken,TRANS
achterwand voor keuken,TRANS
apothekerskast ladekast,TRANS
keuken buffet wit,TRANS
rvs apothekerskast,TRANS
onderkast keuken 60 x 60,COM
kastenwand keuken,TRANS
bribus keukendeurtjes,TRANS
houten keukendeurtjes laten maken,COM
keller keukendeurtjes vervangen,TRANS
apothekerskast metaal zwart,TRANS
keukendeurtjes maken,TRANS
hoogte bovenkasten,TRANS
kookeiland prijs,COM
kookeiland met bar,COM
afmetingen keukeneiland,COM
keuken ideeen l vorm,COM
kleine complete keuken,COM
eiland keukens outlet,COM
inrichting kleine woonkamer met open keuken,COM
keukenblok standaard,COM
keukenblok voor bijkeuken,COM
kookeiland inspiratie,COM
kookeiland afmetingen,COM
keuken tips inrichting,INFO
keuken met barretje,COM
keukenblok met bar,COM
kookeiland kleine keuken,COM
g vormige keuken,COM
open keuken inspiratie,COM
indeling kookeiland,COM
goedkope keuken eiland,COM
goedkoop wit keukenblok,TRANS
kleine keuken met eiland,COM
aanbieding keukenblok,TRANS
woonkamer met open keuken inrichten,COM
kookeiland hout,COM
keuken rechte opstelling,COM
kleine keuken inspiratie,COM
compacte hoekkeuken,COM
keuken recht 4 meter,COM
keuken parallel,COM
keuken met werkeiland,COM
eiland keukens duitsland,COM
open keuken afsluiten,COM
kookeiland kosten,COM
compacte keukens,COM
keuken met kookeiland en bar,COM
inrichten woonkamer met open keuken,COM
nieuwe rechte keuken,COM
kleine keuken l vorm,COM
u keuken met eiland,COM
klein kookeiland,COM
inrichting kleine keuken,COM
parallel keuken,COM
kook eilanden,COM
kleine rechte keuken,COM
keuken in kleine woonkamer,COM
keuken rechte opstelling 3 meter,COM
pantry keukenblok,COM
keukenblok met wasbak,COM
keukenblok eiland,COM
rechte keuken met kastenwand,COM
l keuken met bar,COM
keukens eiland,COM
kleine keuken landelijk,COM
keukenblok goedkoop,TRANS
hoek keukens goedkoop,TRANS
plattegrond kookeiland,COM
grijze hoekkeuken,COM
l keuken,COM
tips kleine keuken,INFO
open keuken kleine woonkamer,COM
keuken eilanden,COM
hoekkeuken klein,COM
klein keukeneiland,COM
keuken met schiereiland,COM
keukenblok kopen,TRANS
kookeiland met spoelbak,COM
kleine smalle keuken,COM
houten hoekkeuken,COM
kostprijs kookeiland,COM
keukenblad kookeiland,COM
moderne open keuken,COM
open keuken met kookeiland,COM
kookeiland in kleine keuken,COM
compacte keuken,COM
zwart kookeiland,COM
nieuwe keuken met kookeiland,COM
kleine l keuken,COM
industrieel kookeiland,COM
landelijke eiland keukens,COM
enkelwandige keuken,COM
u keuken landelijk,COM
hout in de keuken,COM
grijze hoogglans keuken,COM
keuken modern wit,COM
woonkeuken ontwerpen,COM
cottage keukens,COM
Duitse keukens,COM
kosten betonnen keukenblad,COM
afbeeldingen keukens landelijk,COM
keukens modern design,COM
rustiek eiken keuken,COM
complete rvs keuken,COM
strak landelijke keuken,COM
strakke keuken met eiland,COM
keuken eikenhout,COM
betonnen keukenblad prijs,COM
betonlook tegels keuken,COM
landelijke keukens,COM
klassieke keukens,COM
goedkope duitse keukens,COM
design keukenmerken,COM
hoogglans of mat keuken,COM
keukenblok industrieel,COM
keukenkast vintage,COM
witte greeploze keuken,COM
grote woonkeuken,COM
hoogglans keuken nadelen,COM
roze houten keukentje,COM
keuken houtlook,COM
keuken van steigerhout,COM
rvs achterwand keuken,COM
keuken met betonnen aanrecht,COM
strakke moderne keuken,COM
italiaanse keukens merken,COM
landelijke keukens duitsland,COM
keuken modern,COM
keuken hout modern,COM
rvs spatplaat keuken,COM
retro keuken accessoires,COM
landelijke verlichting keuken,COM
landelijke keuken grijs,COM
beton voor keukenblad,COM
houten werkblad keuken,COM
keukenkast greeploos,COM
stoere strakke keukens,COM
werkblad keuken hout,COM
keukendeurtjes hoogglans,COM
retro keukenkast,COM
keukenblad hout op maat,COM
luxe keukens voorbeelden,COM
landelijke keuken taupe,COM
moderne greeploze keukens,COM
exclusieve keukens op maat,COM
exclusieve keukens,COM
donker houten keuken,COM
rvs afwerkstrip keuken,COM
hoogglans magnolia keuken,COM
keuken wit landelijk,COM
houten keuken achterwand,COM
keukenaccessoires landelijk,COM
keuken robuust hout,COM
landelijke keuken boretti,COM
keukeninrichting landelijk,COM
hardhouten keukendeur,COM
keukenkast industrieel,COM
keuken voorbeelden,INFO
landelijke keuken goedkoop,TRANS
landelijke keuken rood,COM
greeploze keuken,COM
werkblad keuken beton,COM
grijze landelijke keuken,COM
greeploze witte hoogglans keuken,COM
keuken stoer robuust,COM
jaren 30 stijl keuken,COM
betaalbare landelijke keukens,COM
houten keukenblad,COM
woonkeuken ideeen,COM
hoogglans zwarte keuken,COM
luxe keukenkasten,COM
landelijke rustieke keukens,COM
leuke schilderijen keuken,LOCAL
keukens leiden,LOCAL
gerard hempen keukens ter apelkanaal,LOCAL
keukens op maat nijkerk,LOCAL
keukens zevenaar,LOCAL
keuken accessoires amsterdam,LOCAL
keuken en badkamer winkels,LOCAL
bp keukens ermelo,LOCAL
keukens alblasserdam,LOCAL
super keukens gouda,LOCAL
duitse import keukens hoofddorp,LOCAL
de haar keuken niftrik,LOCAL
hofman keukens nunspeet,LOCAL
gieten keukens,LOCAL
de boer keukens gouda,LOCAL
kastenwand keuken showroom,LOCAL
budget keukens rotterdam,LOCAL
keukens bergschenhoek,LOCAL
zwolle keukens,LOCAL
plieger keukens zaltbommel,LOCAL
delfts blauwe tegels keuken,LOCAL
riga keukens groningen rigaweg groningen,LOCAL
keukens beuningen,LOCAL
optima keukens geldrop openingstijden,LOCAL
wst keukens krommenie,LOCAL
veiling keukens culemborg,LOCAL
keuken parnassusweg amsterdam,LOCAL
keukens groningen hoendiep,LOCAL
uniek keukens druten,LOCAL
kesteren keukens,LOCAL
keukens soest,LOCAL
keuken outlet amsterdam,LOCAL
tolkamp keukens winterswijk,LOCAL
bloksma keukens leimuiden bv,LOCAL
showroom keukens zonder apparatuur,LOCAL
keuken advies specialist assen,LOCAL
keukens kollumerzwaag,LOCAL
keuken showroom leeuwarden,LOCAL
vos keukens wijk en aalburg,LOCAL
eiland de wild keukens heerhugowaard,LOCAL
keuken en bad almelo,LOCAL
keukens gorssel,LOCAL
plieger zaltbommel keukens,LOCAL
borculo keukens,LOCAL
friesland keukens,LOCAL
keuken actie hilversum,LOCAL
gorissen keukens maastricht,LOCAL
thuiskeukens nl h√§cker systemat keukens industrieweg 3 2421 lk nieuwkoop,LOCAL
1 2 3 keukens veenendaal,LOCAL
keukens terneuzen,LOCAL
de mulder keukens wanssum,LOCAL
pannenrek keuken,LOCAL
zwanenburg keuken,LOCAL
rollende keukens amsterdam westerpark,LOCAL
diessen keukens veldhoven,LOCAL
24 7 keukens lelystad,LOCAL
wilting keuken eersel,LOCAL
middelkoop keukens ervaringen,LOCAL
keukens weert roermondseweg,LOCAL
tilburg keukens,LOCAL
max keukens havelte,LOCAL
kex keuken volendam,LOCAL
keukens heteren,LOCAL
hoogendoorn keukens,LOCAL
elbe keukens kaatsheuvel,LOCAL
keukens tilburg ringbaan,LOCAL
keuken outlet amersfoort,LOCAL
showroom eiland keukens,LOCAL
vd pol keukens kootwijkerbroek,LOCAL
edmon keukens amsterdam,LOCAL
keuken outlet showroom,LOCAL
velthuizen keukens scherpenzeel,LOCAL
keuken en badkamer totaal gouda,LOCAL
rollende keukens 2019 den haag,LOCAL
groothandel keuken accessoires,TRANS
stoere lampen keuken,TRANS
keuken accessoires kinderkeuken,TRANS
wandtegels landelijke keuken,TRANS
tegels bijkeuken,TRANS
handgrepen keuken goud,TRANS
lamp boven keuken,TRANS
sifon spoelbak keuken,TRANS
handgrepen keuken zwart 160mm,TRANS
keuken plint verwarming,TRANS
messing keuken handgrepen,TRANS
wandkraan keuken,TRANS
koudwaterkraan keuken,TRANS
zwarte radiator keuken,TRANS
wand keuken tegels,TRANS
spoelbak keuken hubo,TRANS
keuken lamp spot,TRANS
poppenhuis keuken accessoires,TRANS
platte radiator keuken,TRANS
keuken accessoires,TRANS
grepen keuken zwart,TRANS
designradiator keuken verticaal,TRANS
keuken handgrepen op maat,TRANS
kraan afsluiten keuken,TRANS
tafellamp keuken,TRANS
handgreepjes keuken,TRANS
mat zwarte keuken handgrepen,TRANS
keuken tegels landelijk,TRANS
keuken handgrepen zwart 128mm,TRANS
accessoires voor de keuken,TRANS
keuken tegels plaatsen,TRANS
tegelstrips keuken,TRANS
vloertegels bijkeuken,TRANS
cementtegels keuken,TRANS
keuken spoelbak met afdruip,TRANS
goedkope spoelbak keuken,TRANS
roestvrijstalen handgrepen keuken,TRANS
vloerverwarming onder keuken,TRANS
gaskraan keuken afdoppen,TRANS
maten spoelbak keuken,TRANS
glazen tegels keuken,TRANS
plank met verlichting keuken,TRANS
keuken lamp op batterij,TRANS
design kraan keuken,TRANS
zwarte wandkraan keuken,TRANS
keuken accessoires voor aan de muur,TRANS
keuken leren handgrepen,TRANS
keuken met zwarte spoelbak,TRANS
plafondlamp voor keuken,TRANS
keuken tl verlichting,TRANS
hanglamp keuken,TRANS
wasbak kraan keuken,TRANS
filter kraan keuken,TRANS
keuken muurtegels,TRANS
kleine hanglamp keuken,TRANS
zwarte keuken grepen,TRANS
spoelbak keuken 40 cm,TRANS
visgraat tegels keuken,TRANS
keuken wasbak met kraan,TRANS
keuken met handgrepen,TRANS
handgrepen keuken rvs,TRANS
stopkraan keuken,TRANS
stenen spoelbak voor keuken,TRANS
wandtegels plaatsen keuken,TRANS
wandkraan keuken zwart,TRANS
keuken onderdelen scharnieren,TRANS
gouden kraan keuken,TRANS
keuken zonder handgrepen,TRANS
kraan keuken vervangen,TRANS
verticale radiator keuken,TRANS
handgrepen voor keuken,TRANS
losse spoelbak keuken,TRANS
moderne tegels keuken,TRANS
hexagon tegels keuken,TRANS
afmetingen dubbele spoelbak keuken,INFO
keuken kraan brons,TRANS
lijnverlichting keuken,TRANS
keuken accessoires wand,TRANS
werkbladverlichting keuken,TRANS
grepen keuken,TRANS
keuken lampjes,TRANS
standaard diepte keukenblad,INFO
kookeilanden voorbeelden,COM
keukens zaandam,LOCAL
betonnen werkblad,COM
plafondlamp keuken,TRANS
landelijke keuken eik,COM
magnetron motion,TRANS
keukens oost vlaanderen,LOCAL
steigerhout in keuken,COM
krijnen keukens hoogstraatsebaan 84 2390 malle,LOCAL
keukens landelijke stijl magazine,COM
witte keukens,COM
rbh keukens roermond,LOCAL
keukeninterieurs,COM
eikenhouten keuken,COM
hout beton keuken,COM
afzuigkap zonder afvoerkanaal,TRANS
round pizza oven,TRANS
hout keukens beek en donk,LOCAL
infrezen spoelbak keuken,TRANS
zwarte handvatten keuken,COM
houten keuken met betonblad,COM
grote koelkast met klein vriesvak,TRANS
led keuken verlichting,TRANS
bovenkast keuken ophangen,TRANS
moderne hoogglans keuken,COM
zeeland keukens kerkwerve,LOCAL
breedte apothekerskast keuken,TRANS
inbouw combimagnetron bovenkast,TRANS
landelijke keukens toonzaalmodellen,COM
kosten keuken renoveren,COM
glazen hanglampen keuken,TRANS
amerikaanse koelkast inbouw afmetingen,INFO
betonlook achterwand keuken,COM
spoelbak keuken,TRANS
prijs werkblad keuken,COM
keuken kleuren voorbeelden,INFO
bovenkast met vitrinedeuren,TRANS
hoekkeuken modern,COM
jaren 30 keuken amsterdamse school,COM
goedkope keuken emmen,LOCAL
keuken laten spuiten kosten,COM
blauw grijze keuken,COM
horeca keuken ontwerpen,COM
wijchen keukens,LOCAL
eieren wel of niet in koelkast bewaren,COM
bossma keukens showroom,LOCAL
vlekken natuursteen aanrecht,COM
wat kost een keuken plaatsen,COM
keukeneiland toonzaalmodel,COM
accessoires voor keuken,TRANS
ophangsysteem bovenkast keuken,TRANS
complete keuken aanbieding,TRANS
wat kost een gemiddelde keuken,COM
brick oven pizza hawaii,TRANS
kleine keuken kopen,TRANS
hg ontvetter afzuigkap,TRANS
granieten aanrechtblad impregneren,COM
flexinductie kookplaat,TRANS
stroom kookeiland,COM
keuken mat grijs,COM
keukens udenhout,LOCAL
massief eiken keukendeurtjes,TRANS
keuken ontwerpen,COM
aanrechtblad hardsteen,COM
keukenblad verven,COM
zwarte spoelbak keuken,COM
afzuigkap zhv94750ba,TRANS
inductie kookplaat inbouw 70 cm,TRANS
inbouw vaatwasser rvs deur,TRANS
hoe lang kun je pizza in de koelkast bewaren,INFO
keukenkast 220 hoog,TRANS
keukens oudewater,LOCAL
zeshoekige tegels keuken,TRANS
zelf keramische kookplaat aansluiten,INFO
keukens zwolle zondag open,LOCAL
u keuken opstelling,COM
handdoekradiator keuken,TRANS
lengte kookeiland,COM
paarse keuken accessoires,TRANS
depot rotterdam keuken,LOCAL
industriele showroomkeuken,TRANS
stopcontacten keukeneiland,COM
moderne keukens prijzen,COM
nijhuis keukens hengelo,LOCAL
keuken kopen,TRANS
keuken ideeen landelijk,COM
keuken handgreepjes,TRANS
houten keukeneiland,COM
showroom uitverkoop keukens,LOCAL
keuken achterwand kunststof,TRANS
werkblad laminaat prijs,COM
keukendeurtjes bestellen,TRANS
betontegels keuken,TRANS
vaatwasser merken,TRANS
keukenblad plaatsen,TRANS
showroomkeuken u vorm,TRANS
kosten keuken met kookeiland,COM
keuken inbouwen kosten,COM
roomwitte keuken,COM
wereld keuken eindhoven woensel,LOCAL
showroomkeuken parallel,TRANS
keuken lampen modern,TRANS
koelkast 130 hoog,TRANS
kleuren voor de keuken,COM
keuken open,COM
tegels keuken achterwand,TRANS
keuken grijs eiken,COM
grijs aanrechtblad,TRANS
tegels keuken kopen,TRANS
kleine keuken u vorm,COM
houten bladen,COM
hoogglans witte hoekkeuken,COM
natuursteen tegels keuken,TRANS
zwart wit tegels keuken,COM
antraciet tegels keuken,COM
vintage keuken accessoires,COM
zwarte keuken met wit blad,COM
diepenveen keuken,LOCAL
vaatwasser met binnenverlichting,TRANS
design keukens amsterdam,LOCAL
keuken uitzoeken tips,INFO
kidkraft rode vintage keuken,COM
de laat keukens tilburg,LOCAL
keukendeurtjes zelf vervangen,INFO
kookeiland wit,COM
kleine keuken optimaal benutten,COM
astro keukens rotterdam,LOCAL
showroom keuken greeploos,TRANS
achterwand keuken rvs,COM
nieuwe keuken laten plaatsen kosten,COM
beste keuken ontwerp programma,COM
apothekerskast op wielen,TRANS
verf keuken achterwand,COM
aanrechtblad reparatie kosten,COM
spaanplaat keukenblad,COM
afvoer vaatwasser borrelt,TRANS
muurverf keuken,COM
wat kost een keuken per meter,COM
complete keuken hoogglans wit,COM
wat kost keuken,COM
keuken tegels grijs,COM
open keuken appartement,COM
showroommodel hoekkeuken,TRANS
witte keuken met houten werkblad,COM
keuken plafond verlichting,TRANS
houten wand keuken,COM
standaard keukenblok,COM
dieptereiniging keuken kosten,COM
pannencarrousel keuken,LOCAL
houten aanrechtblad op maat,COM
klein keukenblok,COM
keukens nuenen,LOCAL
blond amsterdam keuken,LOCAL
brandsen keukens woerden,LOCAL
ophangen afzuigkap,TRANS
zwart composiet aanrechtblad,COM
rvs werkblad op maat,COM
poggenpohl apothekerskast,TRANS
inbouwunit afzuigkap,TRANS
pizza oven steenoven,TRANS
kleine spoelbak keuken,COM
zwarte tegels keuken,COM
interieur ideeen keuken,COM
verlichting boven werkblad keuken,TRANS
keuken grijs verven,COM
inrichting woonkamer open keuken,COM
landelijk wonen keuken,COM
regelgeving geveldoorvoer afzuigkap,TRANS
kunststof wandtegels keuken,TRANS
albers keukens meppen,LOCAL
keuken montage nijmegen,TRANS
keuken led verlichting opbouw,TRANS
keuken spuiten kosten,COM
westeneng keukens ermelo,LOCAL
montage keuken kosten,COM
keukenblad kosten,COM
koelkast uitzetten voor verhuizing,TRANS
werkblad kunststof,COM
spatscherm keuken rvs,COM
